{"cameraMode":{"drawMode":0,"name":"Shaded","section":"Shading Mode"},"sceneLighting":false,"audioPlay":false,"sceneViewState":{"m_AlwaysRefresh":false,"showFog":true,"showSkybox":true,"showFlares":true,"showImageEffects":true,"showParticleSystems":true,"showVisualEffectGraphs":true,"m_FxEnabled":true},"in2DMode":false,"pivot":{"x":-1.2035198211669922,"y":12.734845161437989,"z":-31.083599090576173},"rotation":{"x":0.0060821762308478359,"y":0.9945290684700012,"z":-0.07200202345848084,"w":0.07649264484643936},"size":9.66025447845459,"orthographic":false}