{"cameraMode":{"drawMode":0,"name":"Shaded","section":"Shading Mode"},"sceneLighting":false,"audioPlay":false,"sceneViewState":{"m_AlwaysRefresh":false,"showFog":true,"showSkybox":true,"showFlares":true,"showImageEffects":true,"showParticleSystems":true,"showVisualEffectGraphs":true,"m_FxEnabled":true},"in2DMode":false,"pivot":{"x":420.3658752441406,"y":630.632080078125,"z":-711.82177734375},"rotation":{"x":0.054234884679317477,"y":0.018606485798954965,"z":-0.0026771414559334518,"w":0.9983571171760559},"size":0.9361847043037415,"orthographic":false}