{"cameraMode":{"drawMode":0,"name":"Shaded","section":"Shading Mode"},"sceneLighting":false,"audioPlay":false,"sceneViewState":{"m_AlwaysRefresh":false,"showFog":true,"showSkybox":true,"showFlares":true,"showImageEffects":true,"showParticleSystems":true,"showVisualEffectGraphs":true,"m_FxEnabled":true},"in2DMode":false,"pivot":{"x":1017.360595703125,"y":1419.1668701171875,"z":-1273.4117431640625},"rotation":{"x":0.044084832072257999,"y":-0.0678083524107933,"z":0.0026646601036190988,"w":0.9967492818832398},"size":288.88616943359377,"orthographic":false}