{"cameraMode":{"drawMode":0,"name":"Shaded","section":"Shading Mode"},"sceneLighting":false,"audioPlay":false,"sceneViewState":{"m_AlwaysRefresh":false,"showFog":true,"showSkybox":true,"showFlares":true,"showImageEffects":true,"showParticleSystems":true,"showVisualEffectGraphs":true,"m_FxEnabled":true},"in2DMode":false,"pivot":{"x":2.2348315715789797,"y":5.880067348480225,"z":11.88512134552002},"rotation":{"x":0.21359477937221528,"y":0.7847315669059753,"z":-0.42020437121391299,"w":0.4026831388473511},"size":0.7787086963653565,"orthographic":false}