{"cameraMode":{"drawMode":0,"name":"Shaded","section":"Shading Mode"},"sceneLighting":false,"audioPlay":false,"sceneViewState":{"m_AlwaysRefresh":false,"showFog":true,"showSkybox":true,"showFlares":true,"showImageEffects":true,"showParticleSystems":true,"showVisualEffectGraphs":true,"m_FxEnabled":true},"in2DMode":false,"pivot":{"x":-8.019410133361817,"y":-30.62521743774414,"z":364.9430847167969},"rotation":{"x":0.03930474817752838,"y":0.004795462358742952,"z":-0.00010561668750597164,"w":0.9993302822113037},"size":240.68423461914063,"orthographic":false}