{"cameraMode":{"drawMode":0,"name":"Shaded","section":"Shading Mode"},"sceneLighting":false,"audioPlay":false,"sceneViewState":{"m_AlwaysRefresh":false,"showFog":true,"showSkybox":true,"showFlares":true,"showImageEffects":true,"showParticleSystems":true,"showVisualEffectGraphs":true,"m_FxEnabled":true},"in2DMode":false,"pivot":{"x":1116.8746337890625,"y":1597.8431396484375,"z":-160.193115234375},"rotation":{"x":0.01882271096110344,"y":-0.003516936209052801,"z":0.00006657069752691314,"w":0.9998189210891724},"size":1420.1424560546875,"orthographic":false}