{"cameraMode":{"drawMode":0,"name":"Shaded","section":"Shading Mode"},"sceneLighting":false,"audioPlay":false,"sceneViewState":{"m_AlwaysRefresh":false,"showFog":true,"showSkybox":true,"showFlares":true,"showImageEffects":true,"showParticleSystems":true,"showVisualEffectGraphs":true,"m_FxEnabled":true},"in2DMode":false,"pivot":{"x":15.829896926879883,"y":7.425138473510742,"z":35.90717315673828},"rotation":{"x":0.10483063757419586,"y":-0.8756310343742371,"z":0.22017227113246919,"w":0.41717222332954409},"size":9.799147605895996,"orthographic":false}