{"cameraMode":{"drawMode":0,"name":"Shaded","section":"Shading Mode"},"sceneLighting":false,"audioPlay":false,"sceneViewState":{"m_AlwaysRefresh":false,"showFog":true,"showSkybox":true,"showFlares":true,"showImageEffects":true,"showParticleSystems":true,"showVisualEffectGraphs":true,"m_FxEnabled":true},"in2DMode":false,"pivot":{"x":709.7793579101563,"y":2411.285400390625,"z":-1302.402587890625},"rotation":{"x":0.047153446823358539,"y":0.014560441486537457,"z":-0.0009362788405269384,"w":0.998816967010498},"size":288.88616943359377,"orthographic":false}